{"boost": {"tur": 0.2, "dal": 0.35, "toor": 0.1, "compare": 0.05, "moong": 0.05, "and": 0.05, "try": 0.05, "again": 0.05, "hello": 0.05, "तूर": 0.15000000000000002, "दाल": 0.15000000000000002, "ky": 0.05, "ye": 0.05, "hamare": 0.05, "liye": 0.05, "acha": 0.05, "hai": 0.05, "hey": 0.05}}